{
  "simulation_type": "Stabilna CFD - Simplified Navier-Stokes",
  "wind_speed_input": 4.416666666666667,
  "wind_direction_input": 185,
  "max_speed_result": 3.99869441986084,
  "avg_speed_result": 0.4258444607257843,
  "buildings_count": 51044,
  "resolution_m": 5.0,
  "grid_size": [
    486,
    434
  ],
  "simulation_steps": 200,
  "time_step": 0.01,
  "viscosity": 0.22083333333333335
}