{
  "current": {
    "temperature": 19.5,
    "humidity": 73,
    "wind_speed": 2.611111111111111,
    "wind_direction": 122
  },
  "timestamp": "2025-09-04T21:09:20.686870"
}